Domain,Region,scn1a,scn2a,scn3a,scn4a,scn5a,scn8a,scn9a,scn10a,scn11a,kcnq1,kcnq2,kcnq3,kcnq4,kcnq5
Topological domaini,Cytoplasmic,1 - 128,1 - 129,1 - 128,1 - 131,1-131,1 - 132,1 - 126,1-125,1-126,1-121,1-91,1-121,1-97,1-125
Transmembranei,S1 of Domain I,129 - 147,130 - 148,129 - 147,132 - 150,132-150,133 - 151,127 - 145,126-149,127-148,122-142,92-112,122-142,98-118,126-146
Topological domaini,Extracellular,148 - 154,149 - 155,148 - 154,151 - 157,151-157,152 - 158,146 - 152,150-154,149-156,143-147,113-122,143-152,119-131,147-156
Transmembranei,S2 of Domain I,155 - 175,156 - 176,155 - 175,158 - 178,158-178,159 - 179,153 - 173,155-174,157-180,148-168,123-143,153-173,132-152,157-177
Topological domaini,Cytoplasmic,176 - 189,177 - 190,176 - 189,179 - 192,179-192,180 - 193,174 - 187,175-187,181-192,169-196,144-166,174-196,153-172,178-200
Transmembranei,S3 of Domain I,190 - 207,191 - 208,190 - 207,193 - 210,193-210,194 - 211,188 - 205,188-206,193-212,197-217,167-187,197-217,173-193,201-221
Topological domaini,Extracellular,208 - 213,209 - 214,208 - 213,211 - 216,211-216,212 - 217,206 - 211,207-212,213-219,218-225,188-195,218-225,194-201,222-229
Transmembranei,S4 of Domain I,214 - 230,215 - 231,214 - 230,217 - 233,217-233,218 - 234,212 - 228,213-232,220-239,226-248,196-218,226-247,202-224,230-252
Topological domaini,Cytoplasmic,231 - 249,232 - 250,231 - 249,234 - 252,234-252,235 - 253,229 - 247,233-248,240-255,249-261,219-231,248-261,225-237,253-266
Transmembranei,S5 of Domain I,250 - 269,251 - 270,250 - 269,253 - 272,253-272,254 - 273,248 - 267,249-272,256-269,262-282,232-252,262-282,238-258,267-287
Topological domaini,Extracellular,270 - 367,271 - 369,270 - 368,273 - 391,273-357,274 - 355,268 - 346,273-341,270-344,283-299,253-264,283-303,259-270,288-298
Intramembranei,Pore-forming,368 - 392,370 - 394,369 - 393,392 - 416,358-382,356 - 380,347 - 371,342-366,345-369,300-320,265-285,304-324,271-292,299-319
Topological domaini,Extracellular,393 - 399,395 - 401,394 - 400,417 - 423,383-389,381 - 387,372 - 378,367-373,370-376,321-327,286-291,325-330,293-296,320-325
Transmembranei,S6 of Domain I,400 - 420,402 - 422,401 - 421,424 - 444,390-410,388 - 408,379 - 399,374-399,377-402,328-348,292-312,331-351,297-317,326-346
Topological domaini,Cytoplasmic,421 - 768,423 - 759,422 - 760,445 - 578,411-717,409 - 753,400 - 744,400-659,403-572,349-676,313-872,352-872,318-695,347-932
Transmembranei,S1 of Domain II,769 - 787,760 - 778,761 - 779,579 - 597,718-736,754 - 772,745 - 763,660-684,573-596,0-0,0-0,0-0,0-0,0-0
Topological domaini,Extracellular,788 - 798,779 - 789,780 - 790,598 - 608,737-747,773 - 783,764 - 774,685-695,597-607,0-0,0-0,0-0,0-0,0-0
Transmembranei,S2 of Domain II,799 - 818,790 - 809,791 - 810,609 - 628,748-767,784 - 803,775 - 794,696-719,608-631,0-0,0-0,0-0,0-0,0-0
Topological domaini,Cytoplasmic,819 - 832,810 - 823,811 - 824,629 - 642,768-781,804 - 817,795 - 808,720-727,632-639,0-0,0-0,0-0,0-0,0-0
Transmembranei,S3 of Domain II,833 - 852,824 - 843,825 - 844,643 - 662,782-801,818 - 837,809 - 828,728-747,640-659,0-0,0-0,0-0,0-0,0-0
Topological domaini,Extracellular,853 - 854,844 - 845,845 - 846,663 - 664,802-803,838 - 839,829 - 830,748-753,660-667,0-0,0-0,0-0,0-0,0-0
Transmembranei,S4 of Domain II,855 - 872,846 - 863,847 - 864,665 - 682,804-821,840 - 857,831 - 848,754-773,668-687,0-0,0-0,0-0,0-0,0-0
Topological domaini,Cytoplasmic,873 - 888,864 - 879,865 - 880,683 - 698,822-837,858 - 873,849 - 864,774-789,688-702,0-0,0-0,0-0,0-0,0-0
Transmembranei,S5 of Domain II,889 - 907,880 - 898,881 - 899,699 - 717,838-856,874 - 892,865 - 883,790-810,703-725,0-0,0-0,0-0,0-0,0-0
Topological domaini,Extracellular,908 - 936,899 - 927,900 - 928,718 - 746,857-883,893 - 921,884 - 912,811-834,726-753,0-0,0-0,0-0,0-0,0-0
Intramembranei,Pore-forming,937 - 957,928 - 948,929 - 949,747 - 767,884-904,922 - 942,913 - 933,835-855,754-774,0-0,0-0,0-0,0-0,0-0
Topological domaini,Extracellular,958 - 970,949 - 961,950 - 962,768 - 778,905-917,943 - 955,934 - 946,856-864,775-785,0-0,0-0,0-0,0-0,0-0
Transmembranei,S6 of Domain II,971 - 991,962 - 982,963 - 983,779 - 797,918-938,956 - 976,947 - 967,865-890,786-811,0-0,0-0,0-0,0-0,0-0
Topological domaini,Cytoplasmic,992 - 1219,983 - 1209,984 - 1207,798 - 1032,939-1206,977 - 1199,968 - 1193,891-1147,812-1051,0-0,0-0,0-0,0-0,0-0
Transmembranei,S1 of Domain III,1220 - 1237,1210 - 1227,1208 - 1225,1033 - 1050,1207-1224,1200 - 1217,1194 - 1211,1148-1171,1052-1074,0-0,0-0,0-0,0-0,0-0
Topological domaini,Extracellular,1238 - 1250,1228 - 1240,1226 - 1238,1051 - 1063,1225-1237,1218 - 1230,1212 - 1224,1172-1184,1075-1088,0-0,0-0,0-0,0-0,0-0
Transmembranei,S2 of Domain III,1251 - 1269,1241 - 1259,1239 - 1257,1064 - 1082,1238-1256,1231 - 1249,1225 - 1243,1185-1210,1089-1114,0-0,0-0,0-0,0-0,0-0
Topological domaini,Cytoplasmic,1270 - 1283,1260 - 1273,1258 - 1271,1083 - 1096,1257-1270,1250 - 1263,1244 - 1257,1211-1216,1115-1120,0-0,0-0,0-0,0-0,0-0
Transmembranei,S3 of Domain III,1284 - 1302,1274 - 1292,1272 - 1290,1097 - 1115,1271-1289,1264 - 1282,1258 - 1276,1217-1238,1121-1138,0-0,0-0,0-0,0-0,0-0
Topological domaini,Extracellular,1303 - 1310,1293 - 1300,1291 - 1298,1116 - 1123,1290-1297,1283 - 1290,1277 - 1284,1239-1242,1139-1139,0-0,0-0,0-0,0-0,0-0
Transmembranei,S4 of Domain III,1311 - 1329,1301 - 1319,1299 - 1317,1124 - 1142,1298-1316,1291 - 1309,1285 - 1303,1243-1264,1140-1161,0-0,0-0,0-0,0-0,0-0
Topological domaini,Cytoplasmic,1330 - 1346,1320 - 1336,1318 - 1334,1143 - 1159,1317-1333,1310 - 1326,1304 - 1320,1265-1283,1162-1180,0-0,0-0,0-0,0-0,0-0
Transmembranei,S5 of Domain III,1347 - 1366,1337 - 1356,1335 - 1354,1160 - 1179,1334-1353,1327 - 1346,1321 - 1340,1284-1311,1181-1202,0-0,0-0,0-0,0-0,0-0
Topological domaini,Extracellular,1367 - 1418,1357 - 1408,1355 - 1403,1180 - 1230,1354-1405,1347 - 1399,1341 - 1392,1312-1353,1203-1243,0-0,0-0,0-0,0-0,0-0
Intramembranei,Pore-forming,1419 - 1440,1409 - 1430,1404 - 1425,1231 - 1252,1406-1427,1400 - 1421,1393 - 1414,1354-1375,1244-1265,0-0,0-0,0-0,0-0,0-0
Topological domaini,Extracellular,1441 - 1457,1431 - 1447,1426 - 1442,1253 - 1269,1428-1444,1422 - 1438,1415 - 1431,1376-1391,1266-1281,0-0,0-0,0-0,0-0,0-0
Transmembranei,S6 of Domain III,1458 - 1479,1448 - 1469,1443 - 1464,1270 - 1291,1445-1466,1439 - 1460,1432 - 1453,1392-1418,1282-1308,0-0,0-0,0-0,0-0,0-0
Topological domaini,Cytoplasmic,1480 - 1542,1470 - 1532,1465 - 1527,1292 - 1354,1467-1529,1461 - 1523,1454 - 1516,1419-1471,1309-1361,0-0,0-0,0-0,0-0,0-0
Transmembranei,S1 of Domain IV,1543 - 1560,1533 - 1550,1528 - 1545,1355 - 1372,1530-1547,1524 - 1541,1517 - 1534,1472-1495,1362-1385,0-0,0-0,0-0,0-0,0-0
Topological domaini,Extracellular,1561 - 1571,1551 - 1561,1546 - 1556,1373 - 1383,1548-1558,1542 - 1552,1535 - 1545,1496-1506,1386-1396,0-0,0-0,0-0,0-0,0-0
Transmembranei,S2 of Domain IV,1572 - 1590,1562 - 1580,1557 - 1575,1384 - 1402,1559-1577,1553 - 1571,1546 - 1564,1507-1530,1397-1420,0-0,0-0,0-0,0-0,0-0
Topological domaini,Cytoplasmic,1591 - 1602,1581 - 1592,1576 - 1587,1403 - 1414,1578-1589,1572 - 1583,1565 - 1576,1531-1536,1421-1426,0-0,0-0,0-0,0-0,0-0
Transmembranei,S3 of Domain IV,1603 - 1620,1593 - 1610,1588 - 1605,1415 - 1432,1590-1607,1584 - 1601,1577 - 1594,1537-1560,1427-1450,0-0,0-0,0-0,0-0,0-0
Topological domaini,Extracellular,1621 - 1633,1611 - 1623,1606 - 1618,1433 - 1445,1608-1620,1602 - 1614,1595 - 1607,1561-1572,1451-1461,0-0,0-0,0-0,0-0,0-0
Transmembranei,S4 of Domain IV,1634 - 1650,1624 - 1640,1619 - 1635,1446 - 1462,1621-1637,1615 - 1631,1608 - 1624,1573-1594,1462-1484,0-0,0-0,0-0,0-0,0-0
Topological domaini,Cytoplasmic,1651 - 1669,1641 - 1659,1636 - 1654,1463 - 1481,1638-1656,1632 - 1650,1625 - 1643,1595-1609,1485-1499,0-0,0-0,0-0,0-0,0-0
Transmembranei,S5 of Domain IV,1670 - 1687,1660 - 1677,1655 - 1672,1482 - 1499,1657-1674,1651 - 1668,1644 - 1661,1610-1632,1500-1522,0-0,0-0,0-0,0-0,0-0
Topological domaini,Extracellular,1688 - 1709,1678 - 1699,1673 - 1694,1500 - 1521,1675-1696,1669 - 1690,1662 - 1683,1633-1646,1523-1536,0-0,0-0,0-0,0-0,0-0
Intramembranei,Pore-forming,1710 - 1732,1700 - 1722,1695 - 1717,1522 - 1544,1697-1719,1691 - 1713,1684 - 1706,1647-1669,1537-1559,0-0,0-0,0-0,0-0,0-0
Topological domaini,Extracellular,1733 - 1762,1723 - 1752,1718 - 1747,1545 - 1574,1720-1748,1714 - 1742,1707 - 1736,1670-1697,1560-1579,0-0,0-0,0-0,0-0,0-0
Transmembranei,S6 of Domain IV,1763 - 1785,1753 - 1775,1748 - 1770,1575 - 1597,1749-1771,1743 - 1765,1737 - 1759,1698-1722,1580-1604,0-0,0-0,0-0,0-0,0-0
Topological domaini,Cytoplasmic,1786 - 2009,1776 - 2005,1771 - 2000,1598 - 1836,1772-2016,1766 - 1980,1760 - 1988,1723-1956,1605-1791,0-0,0-0,0-0,0-0,0-0
